State Weekly Claims for Unemplyment Insurance Data Not Seasonally Adjusted,,,,,,,,,
,,,,,,,,,
,,,,,,,,,
,,,,,,,,,
State,Filed week ended,Initial Claims,Reflecting Week Ended,Continued Claims,Covered Employment,Insured Unemployment Rate,,,
North Dakota,1/1/2000,798,12/25/1999,"5,894","292,510",2.01,,,
North Dakota,1/8/2000,"1,823",1/1/2000,"6,001","293,815",2.04,,,
North Dakota,1/15/2000,906,1/8/2000,"7,229","293,815",2.46,,,
North Dakota,1/22/2000,571,1/15/2000,"7,409","293,815",2.52,,,
North Dakota,1/29/2000,574,1/22/2000,"7,554","293,815",2.57,,,
North Dakota,2/5/2000,516,1/29/2000,"7,036","293,815",2.39,,,
North Dakota,2/12/2000,460,2/5/2000,"7,109","293,815",2.42,,,
North Dakota,2/19/2000,499,2/12/2000,"6,955","293,815",2.37,,,
North Dakota,2/26/2000,615,2/19/2000,"6,955","293,815",2.37,,,
North Dakota,3/4/2000,549,2/26/2000,"7,116","293,815",2.42,,,
North Dakota,3/11/2000,541,3/4/2000,"6,722","293,815",2.29,,,
North Dakota,3/18/2000,456,3/11/2000,"6,489","293,815",2.21,,,
North Dakota,3/25/2000,350,3/18/2000,"6,254","293,815",2.13,,,
North Dakota,4/1/2000,366,3/25/2000,"5,969","293,815",2.03,,,
North Dakota,4/8/2000,538,4/1/2000,"5,240","295,393",1.77,,,
North Dakota,4/15/2000,395,4/8/2000,"4,531","295,393",1.53,,,
North Dakota,4/22/2000,249,4/15/2000,"3,927","295,393",1.33,,,
North Dakota,4/29/2000,238,4/22/2000,"3,376","295,393",1.14,,,
North Dakota,5/6/2000,273,4/29/2000,"2,824","295,393",0.96,,,
North Dakota,5/13/2000,349,5/6/2000,"2,392","295,393",0.81,,,
North Dakota,5/20/2000,326,5/13/2000,"2,348","295,393",0.79,,,
North Dakota,5/27/2000,658,5/20/2000,"2,250","295,393",0.76,,,
North Dakota,6/3/2000,566,5/27/2000,"2,588","295,393",0.88,,,
North Dakota,6/10/2000,348,6/3/2000,"2,781","295,393",0.94,,,
North Dakota,6/17/2000,408,6/10/2000,"2,646","295,393",0.9,,,
North Dakota,6/24/2000,356,6/17/2000,"2,796","295,393",0.95,,,
North Dakota,7/1/2000,275,6/24/2000,"2,510","295,393",0.85,,,
North Dakota,7/8/2000,473,7/1/2000,"2,638","296,533",0.89,,,
North Dakota,7/15/2000,577,7/8/2000,"2,769","296,533",0.93,,,
North Dakota,7/22/2000,351,7/15/2000,"2,876","296,533",0.97,,,
North Dakota,7/29/2000,368,7/22/2000,"2,801","296,533",0.94,,,
North Dakota,8/5/2000,436,7/29/2000,"2,955","296,533",1,,,
North Dakota,8/12/2000,622,8/5/2000,"2,954","296,533",1,,,
North Dakota,8/19/2000,265,8/12/2000,"3,271","296,533",1.1,,,
North Dakota,8/26/2000,238,8/19/2000,"2,491","296,533",0.84,,,
North Dakota,9/2/2000,222,8/26/2000,"1,990","296,533",0.67,,,
North Dakota,9/9/2000,199,9/2/2000,"1,787","296,533",0.6,,,
North Dakota,9/16/2000,190,9/9/2000,"1,584","296,533",0.53,,,
North Dakota,9/23/2000,203,9/16/2000,"1,395","296,533",0.47,,,
North Dakota,9/30/2000,192,9/23/2000,"1,325","296,533",0.45,,,
North Dakota,10/7/2000,407,9/30/2000,"1,239","296,533",0.42,,,
North Dakota,10/14/2000,215,10/7/2000,"1,418","297,955",0.48,,,
North Dakota,10/21/2000,251,10/14/2000,"1,301","297,955",0.44,,,
North Dakota,10/28/2000,500,10/21/2000,"1,355","297,955",0.45,,,
North Dakota,11/4/2000,856,10/28/2000,"1,685","297,955",0.57,,,
North Dakota,11/11/2000,"1,037",11/4/2000,"2,116","297,955",0.71,,,
North Dakota,11/18/2000,"1,082",11/11/2000,"3,030","297,955",1.02,,,
North Dakota,11/25/2000,880,11/18/2000,"3,319","297,955",1.11,,,
North Dakota,12/2/2000,858,11/25/2000,"4,244","297,955",1.42,,,
North Dakota,12/9/2000,947,12/2/2000,"4,332","297,955",1.45,,,
North Dakota,12/16/2000,"1,188",12/9/2000,"4,958","297,955",1.66,,,
North Dakota,12/23/2000,"1,220",12/16/2000,"5,586","297,955",1.87,,,
North Dakota,12/30/2000,931,12/23/2000,"6,245","297,955",2.1,,,
North Dakota,1/6/2001,"1,009",12/30/2000,"6,736","297,955",2.26,,,
North Dakota,1/13/2001,"1,758",1/6/2001,"7,033","298,634",2.36,,,
North Dakota,1/20/2001,739,1/13/2001,"7,134","298,634",2.39,,,
North Dakota,1/27/2001,687,1/20/2001,"7,387","298,634",2.47,,,
North Dakota,2/3/2001,578,1/27/2001,"7,174","298,634",2.4,,,
North Dakota,2/10/2001,612,2/3/2001,"7,287","298,634",2.44,,,
North Dakota,2/17/2001,583,2/10/2001,"7,124","298,634",2.39,,,
North Dakota,2/24/2001,538,2/17/2001,"7,378","298,634",2.47,,,
North Dakota,3/3/2001,799,2/24/2001,"7,100","298,634",2.38,,,
North Dakota,3/10/2001,501,3/3/2001,"7,325","298,634",2.45,,,
North Dakota,3/17/2001,415,3/10/2001,"6,636","298,634",2.22,,,
North Dakota,3/24/2001,378,3/17/2001,"6,523","298,634",2.18,,,
North Dakota,3/31/2001,409,3/24/2001,"5,892","298,634",1.97,,,
North Dakota,4/7/2001,613,3/31/2001,"5,608","298,634",1.88,,,
North Dakota,4/14/2001,457,4/7/2001,"5,269","299,235",1.76,,,
North Dakota,4/21/2001,471,4/14/2001,"4,953","299,235",1.66,,,
North Dakota,4/28/2001,308,4/21/2001,"4,183","299,235",1.4,,,
North Dakota,5/5/2001,395,4/28/2001,"3,321","299,235",1.11,,,
North Dakota,5/12/2001,297,5/5/2001,"2,813","299,235",0.94,,,
North Dakota,5/19/2001,386,5/12/2001,"2,520","299,235",0.84,,,
North Dakota,5/26/2001,484,5/19/2001,"2,379","299,235",0.8,,,
North Dakota,6/2/2001,580,5/26/2001,"2,369","299,235",0.79,,,
North Dakota,6/9/2001,493,6/2/2001,"2,541","299,235",0.85,,,
North Dakota,6/16/2001,471,6/9/2001,"2,575","299,235",0.86,,,
North Dakota,6/23/2001,359,6/16/2001,"2,738","299,235",0.91,,,
North Dakota,6/30/2001,482,6/23/2001,"2,592","299,235",0.87,,,
North Dakota,7/7/2001,"1,460",6/30/2001,"2,646","299,235",0.88,,,
North Dakota,7/14/2001,481,7/7/2001,"3,741","299,528",1.25,,,
North Dakota,7/21/2001,646,7/14/2001,"2,770","299,528",0.92,,,
North Dakota,7/28/2001,369,7/21/2001,"2,902","299,528",0.97,,,
North Dakota,8/4/2001,414,7/28/2001,"2,815","299,528",0.94,,,
North Dakota,8/11/2001,439,8/4/2001,"2,855","299,528",0.95,,,
North Dakota,8/18/2001,417,8/11/2001,"2,907","299,528",0.97,,,
North Dakota,8/25/2001,253,8/18/2001,"2,599","299,528",0.87,,,
North Dakota,9/1/2001,"1,374",8/25/2001,"2,369","299,528",0.79,,,
North Dakota,9/8/2001,282,9/1/2001,"3,057","299,528",1.02,,,
North Dakota,9/15/2001,246,9/8/2001,"1,718","299,528",0.57,,,
North Dakota,9/22/2001,251,9/15/2001,"1,555","299,528",0.52,,,
North Dakota,9/29/2001,313,9/22/2001,"1,503","299,528",0.5,,,
North Dakota,10/6/2001,349,9/29/2001,"1,506","299,528",0.5,,,
North Dakota,10/13/2001,439,10/6/2001,"1,607","299,989",0.54,,,
North Dakota,10/20/2001,391,10/13/2001,"1,751","299,989",0.58,,,
North Dakota,10/27/2001,542,10/20/2001,"1,884","299,989",0.63,,,
North Dakota,11/3/2001,603,10/27/2001,"2,170","299,989",0.72,,,
North Dakota,11/10/2001,623,11/3/2001,"2,360","299,989",0.79,,,
North Dakota,11/17/2001,619,11/10/2001,"2,601","299,989",0.87,,,
North Dakota,11/24/2001,906,11/17/2001,"2,909","299,989",0.97,,,
North Dakota,12/1/2001,"1,371",11/24/2001,"3,664","299,989",1.22,,,
North Dakota,12/8/2001,"1,227",12/1/2001,"4,397","299,989",1.47,,,
North Dakota,12/15/2001,986,12/8/2001,"5,155","299,989",1.72,,,
North Dakota,12/22/2001,"1,134",12/15/2001,"5,682","299,989",1.89,,,
North Dakota,12/29/2001,"1,288",12/22/2001,"6,084","299,989",2.03,,,
North Dakota,1/5/2002,899,12/29/2001,"7,170","299,989",2.39,,,
North Dakota,1/12/2002,"1,757",1/5/2002,"7,328","300,723",2.44,,,
North Dakota,1/19/2002,836,1/12/2002,"7,772","300,723",2.58,,,
North Dakota,1/26/2002,682,1/19/2002,"8,072","300,723",2.68,,,
North Dakota,2/2/2002,748,1/26/2002,"8,071","300,723",2.68,,,
North Dakota,2/9/2002,645,2/2/2002,"8,219","300,723",2.73,,,
North Dakota,2/16/2002,513,2/9/2002,"8,014","300,723",2.66,,,
North Dakota,2/23/2002,490,2/16/2002,"7,922","300,723",2.63,,,
North Dakota,3/2/2002,632,2/23/2002,"7,557","300,723",2.51,,,
North Dakota,3/9/2002,605,3/2/2002,"7,736","300,723",2.57,,,
North Dakota,3/16/2002,552,3/9/2002,"7,337","300,723",2.44,,,
North Dakota,3/23/2002,877,3/16/2002,"7,203","300,723",2.4,,,
North Dakota,3/30/2002,543,3/23/2002,"7,251","300,723",2.41,,,
North Dakota,4/6/2002,638,3/30/2002,"7,089","300,723",2.36,,,
North Dakota,4/13/2002,739,4/6/2002,"6,178","300,931",2.05,,,
North Dakota,4/20/2002,443,4/13/2002,"5,367","300,931",1.78,,,
North Dakota,4/27/2002,559,4/20/2002,"4,406","300,931",1.46,,,
North Dakota,5/4/2002,476,4/27/2002,"4,062","300,931",1.35,,,
North Dakota,5/11/2002,562,5/4/2002,"3,559","300,931",1.18,,,
North Dakota,5/18/2002,637,5/11/2002,"3,511","300,931",1.17,,,
North Dakota,5/25/2002,476,5/18/2002,"3,212","300,931",1.07,,,
North Dakota,6/1/2002,451,5/25/2002,"3,293","300,931",1.09,,,
North Dakota,6/8/2002,532,6/1/2002,"3,100","300,931",1.03,,,
North Dakota,6/15/2002,453,6/8/2002,"3,039","300,931",1.01,,,
North Dakota,6/22/2002,665,6/15/2002,"3,134","300,931",1.04,,,
North Dakota,6/29/2002,835,6/22/2002,"3,358","300,931",1.12,,,
North Dakota,7/6/2002,449,6/29/2002,"3,801","300,931",1.26,,,
North Dakota,7/13/2002,541,7/6/2002,"4,004","301,374",1.33,,,
North Dakota,7/20/2002,472,7/13/2002,"3,248","301,374",1.08,,,
North Dakota,7/27/2002,533,7/20/2002,"3,215","301,374",1.07,,,
North Dakota,8/3/2002,480,7/27/2002,"3,408","301,374",1.13,,,
North Dakota,8/10/2002,398,8/3/2002,"3,680","301,374",1.22,,,
North Dakota,8/17/2002,357,8/10/2002,"3,377","301,374",1.12,,,
North Dakota,8/24/2002,319,8/17/2002,"3,130","301,374",1.04,,,
North Dakota,8/31/2002,281,8/24/2002,"2,870","301,374",0.95,,,
North Dakota,9/7/2002,371,8/31/2002,"2,408","301,374",0.8,,,
North Dakota,9/14/2002,257,9/7/2002,"2,364","301,374",0.78,,,
North Dakota,9/21/2002,283,9/14/2002,"2,061","301,374",0.68,,,
North Dakota,9/28/2002,339,9/21/2002,"2,063","301,374",0.68,,,
North Dakota,10/5/2002,385,9/28/2002,"1,990","301,374",0.66,,,
North Dakota,10/12/2002,785,10/5/2002,"1,932","301,450",0.64,,,
North Dakota,10/19/2002,498,10/12/2002,"2,274","301,450",0.75,,,
North Dakota,10/26/2002,"1,155",10/19/2002,"2,498","301,450",0.83,,,
North Dakota,11/2/2002,742,10/26/2002,"2,880","301,450",0.96,,,
North Dakota,11/9/2002,664,11/2/2002,"2,798","301,450",0.93,,,
North Dakota,11/16/2002,"1,364",11/9/2002,"2,988","301,450",0.99,,,
North Dakota,11/23/2002,984,11/16/2002,"3,924","301,450",1.3,,,
North Dakota,11/30/2002,"1,101",11/23/2002,"3,698","301,450",1.23,,,
North Dakota,12/7/2002,"1,201",11/30/2002,"4,573","301,450",1.52,,,
North Dakota,12/14/2002,902,12/7/2002,"4,928","301,450",1.63,,,
North Dakota,12/21/2002,"1,319",12/14/2002,"5,223","301,450",1.73,,,
North Dakota,12/28/2002,"1,188",12/21/2002,"5,816","301,450",1.93,,,
North Dakota,1/4/2003,844,12/28/2002,"6,760","301,450",2.24,,,
North Dakota,1/11/2003,"1,969",1/4/2003,"7,192","301,203",2.39,,,
North Dakota,1/18/2003,"1,004",1/11/2003,"7,933","301,203",2.63,,,
North Dakota,1/25/2003,795,1/18/2003,"8,234","301,203",2.73,,,
North Dakota,2/1/2003,650,1/25/2003,"8,166","301,203",2.71,,,
North Dakota,2/8/2003,728,2/1/2003,"8,005","301,203",2.66,,,
North Dakota,2/15/2003,604,2/8/2003,"8,044","301,203",2.67,,,
North Dakota,2/22/2003,533,2/15/2003,"7,989","301,203",2.65,,,
North Dakota,3/1/2003,857,2/22/2003,"7,828","301,203",2.6,,,
North Dakota,3/8/2003,779,3/1/2003,"8,118","301,203",2.7,,,
North Dakota,3/15/2003,508,3/8/2003,"8,189","301,203",2.72,,,
North Dakota,3/22/2003,442,3/15/2003,"7,554","301,203",2.51,,,
North Dakota,3/29/2003,404,3/22/2003,"7,180","301,203",2.38,,,
North Dakota,4/5/2003,422,3/29/2003,"6,477","301,203",2.15,,,
North Dakota,4/12/2003,667,4/5/2003,"6,105","301,433",2.03,,,
North Dakota,4/19/2003,506,4/12/2003,"5,054","301,433",1.68,,,
North Dakota,4/26/2003,629,4/19/2003,"4,524","301,433",1.5,,,
North Dakota,5/3/2003,435,4/26/2003,"4,015","301,433",1.33,,,
North Dakota,5/10/2003,502,5/3/2003,"3,362","301,433",1.12,,,
North Dakota,5/17/2003,398,5/10/2003,"3,429","301,433",1.14,,,
North Dakota,5/24/2003,486,5/17/2003,"2,977","301,433",0.99,,,
North Dakota,5/31/2003,617,5/24/2003,"2,946","301,433",0.98,,,
North Dakota,6/7/2003,651,5/31/2003,"3,114","301,433",1.03,,,
North Dakota,6/14/2003,418,6/7/2003,"3,255","301,433",1.08,,,
North Dakota,6/21/2003,327,6/14/2003,"3,097","301,433",1.03,,,
North Dakota,6/28/2003,439,6/21/2003,"2,969","301,433",0.98,,,
North Dakota,7/5/2003,417,6/28/2003,"2,934","301,433",0.97,,,
North Dakota,7/12/2003,518,7/5/2003,"3,173","301,680",1.05,,,
North Dakota,7/19/2003,382,7/12/2003,"3,195","301,680",1.06,,,
North Dakota,7/26/2003,333,7/19/2003,"3,123","301,680",1.04,,,
North Dakota,8/2/2003,628,7/26/2003,"3,051","301,680",1.01,,,
North Dakota,8/9/2003,653,8/2/2003,"3,230","301,680",1.07,,,
North Dakota,8/16/2003,345,8/9/2003,"3,582","301,680",1.19,,,
North Dakota,8/23/2003,289,8/16/2003,"3,368","301,680",1.12,,,
North Dakota,8/30/2003,288,8/23/2003,"2,752","301,680",0.91,,,
North Dakota,9/6/2003,219,8/30/2003,"2,502","301,680",0.83,,,
North Dakota,9/13/2003,235,9/6/2003,"2,116","301,680",0.7,,,
North Dakota,9/20/2003,216,9/13/2003,"1,908","301,680",0.63,,,
North Dakota,9/27/2003,259,9/20/2003,"1,839","301,680",0.61,,,
North Dakota,10/4/2003,287,9/27/2003,"1,749","301,680",0.58,,,
North Dakota,10/11/2003,383,10/4/2003,"1,764","302,109",0.58,,,
North Dakota,10/18/2003,354,10/11/2003,"1,839","302,109",0.61,,,
North Dakota,10/25/2003,445,10/18/2003,"1,981","302,109",0.66,,,
North Dakota,11/1/2003,602,10/25/2003,"2,062","302,109",0.68,,,
North Dakota,11/8/2003,"1,134",11/1/2003,"2,371","302,109",0.78,,,
North Dakota,11/15/2003,836,11/8/2003,"3,002","302,109",0.99,,,
North Dakota,11/22/2003,875,11/15/2003,"3,497","302,109",1.16,,,
North Dakota,11/29/2003,"1,153",11/22/2003,"3,800","302,109",1.26,,,
North Dakota,12/6/2003,"1,060",11/29/2003,"4,765","302,109",1.58,,,
North Dakota,12/13/2003,888,12/6/2003,"4,938","302,109",1.63,,,
North Dakota,12/20/2003,"1,032",12/13/2003,"5,386","302,109",1.78,,,
North Dakota,12/27/2003,935,12/20/2003,"5,526","302,109",1.83,,,
North Dakota,1/3/2004,936,12/27/2003,"6,417","302,109",2.12,,,
North Dakota,1/10/2004,"1,880",1/3/2004,"6,364","302,607",2.1,,,
North Dakota,1/17/2004,809,1/10/2004,"7,577","302,607",2.5,,,
North Dakota,1/24/2004,647,1/17/2004,"7,679","302,607",2.54,,,
North Dakota,1/31/2004,851,1/24/2004,"7,595","302,607",2.51,,,
North Dakota,2/7/2004,720,1/31/2004,"8,101","302,607",2.68,,,
North Dakota,2/14/2004,504,2/7/2004,"7,851","302,607",2.59,,,
North Dakota,2/21/2004,458,2/14/2004,"7,756","302,607",2.56,,,
North Dakota,2/28/2004,436,2/21/2004,"7,355","302,607",2.43,,,
North Dakota,3/6/2004,450,2/28/2004,"7,222","302,607",2.39,,,
North Dakota,3/13/2004,381,3/6/2004,"6,762","302,607",2.23,,,
North Dakota,3/20/2004,401,3/13/2004,"6,574","302,607",2.17,,,
North Dakota,3/27/2004,488,3/20/2004,"6,126","302,607",2.02,,,
North Dakota,4/3/2004,282,3/27/2004,"5,623","302,607",1.86,,,
North Dakota,4/10/2004,370,4/3/2004,"4,653","303,285",1.53,,,
North Dakota,4/17/2004,367,4/10/2004,"3,984","303,285",1.31,,,
North Dakota,4/24/2004,279,4/17/2004,"3,266","303,285",1.08,,,
North Dakota,5/1/2004,236,4/24/2004,"2,836","303,285",0.94,,,
North Dakota,5/8/2004,292,5/1/2004,"2,399","303,285",0.79,,,
North Dakota,5/15/2004,348,5/8/2004,"2,202","303,285",0.73,,,
North Dakota,5/22/2004,268,5/15/2004,"2,170","303,285",0.72,,,
North Dakota,5/29/2004,598,5/22/2004,"2,153","303,285",0.71,,,
North Dakota,6/5/2004,428,5/29/2004,"2,252","303,285",0.74,,,
North Dakota,6/12/2004,357,6/5/2004,"2,404","303,285",0.79,,,
North Dakota,6/19/2004,273,6/12/2004,"2,349","303,285",0.77,,,
North Dakota,6/26/2004,230,6/19/2004,"2,292","303,285",0.76,,,
North Dakota,7/3/2004,306,6/26/2004,"2,256","303,285",0.74,,,
North Dakota,7/10/2004,483,7/3/2004,"2,246","304,145",0.74,,,
North Dakota,7/17/2004,320,7/10/2004,"2,418","304,145",0.8,,,
North Dakota,7/24/2004,294,7/17/2004,"2,447","304,145",0.8,,,
North Dakota,7/31/2004,247,7/24/2004,"2,366","304,145",0.78,,,
North Dakota,8/7/2004,324,7/31/2004,"2,424","304,145",0.8,,,
North Dakota,8/14/2004,244,8/7/2004,"2,338","304,145",0.77,,,
North Dakota,8/21/2004,250,8/14/2004,"2,371","304,145",0.78,,,
North Dakota,8/28/2004,282,8/21/2004,"2,115","304,145",0.7,,,
North Dakota,9/4/2004,213,8/28/2004,"1,941","304,145",0.64,,,
North Dakota,9/11/2004,207,9/4/2004,"1,713","304,145",0.56,,,
North Dakota,9/18/2004,239,9/11/2004,"1,622","304,145",0.53,,,
North Dakota,9/25/2004,379,9/18/2004,"1,457","304,145",0.48,,,
North Dakota,10/2/2004,225,9/25/2004,"1,555","304,145",0.51,,,
North Dakota,10/9/2004,358,10/2/2004,"1,464","305,163",0.48,,,
North Dakota,10/16/2004,309,10/9/2004,"1,515","305,163",0.5,,,
North Dakota,10/23/2004,411,10/16/2004,"1,570","305,163",0.51,,,
North Dakota,10/30/2004,456,10/23/2004,"1,646","305,163",0.54,,,
North Dakota,11/6/2004,608,10/30/2004,"1,774","305,163",0.58,,,
North Dakota,11/13/2004,567,11/6/2004,"2,003","305,163",0.66,,,
North Dakota,11/20/2004,741,11/13/2004,"2,388","305,163",0.78,,,
North Dakota,11/27/2004,878,11/20/2004,"2,663","305,163",0.87,,,
North Dakota,12/4/2004,"1,151",11/27/2004,"3,414","305,163",1.12,,,
North Dakota,12/11/2004,"1,103",12/4/2004,"3,844","305,163",1.26,,,
North Dakota,12/18/2004,"1,003",12/11/2004,"4,571","305,163",1.5,,,
North Dakota,12/25/2004,"1,237",12/18/2004,"4,930","305,163",1.62,,,
North Dakota,1/1/2005,739,12/25/2004,"5,844","305,163",1.92,,,
North Dakota,1/8/2005,"1,892",1/1/2005,"6,321","306,999",2.06,,,
North Dakota,1/15/2005,810,1/8/2005,"6,937","306,999",2.26,,,
North Dakota,1/22/2005,558,1/15/2005,"7,184","306,999",2.34,,,
North Dakota,1/29/2005,483,1/22/2005,"7,149","306,999",2.33,,,
North Dakota,2/5/2005,499,1/29/2005,"7,042","306,999",2.29,,,
North Dakota,2/12/2005,429,2/5/2005,"6,926","306,999",2.26,,,
North Dakota,2/19/2005,449,2/12/2005,"6,965","306,999",2.27,,,
North Dakota,2/26/2005,324,2/19/2005,"6,683","306,999",2.18,,,
North Dakota,3/5/2005,385,2/26/2005,"6,601","306,999",2.15,,,
North Dakota,3/12/2005,425,3/5/2005,"6,180","306,999",2.01,,,
North Dakota,3/19/2005,447,3/12/2005,"6,105","306,999",1.99,,,
North Dakota,3/26/2005,339,3/19/2005,"5,793","306,999",1.89,,,
North Dakota,4/2/2005,298,3/26/2005,"5,548","306,999",1.81,,,
North Dakota,4/9/2005,417,4/2/2005,"4,744","308,863",1.54,,,
North Dakota,4/16/2005,273,4/9/2005,"3,862","308,863",1.25,,,
North Dakota,4/23/2005,243,4/16/2005,"3,167","308,863",1.03,,,
North Dakota,4/30/2005,257,4/23/2005,"2,577","308,863",0.83,,,
North Dakota,5/7/2005,382,4/30/2005,"2,244","308,863",0.73,,,
North Dakota,5/14/2005,374,5/7/2005,"2,145","308,863",0.69,,,
North Dakota,5/21/2005,349,5/14/2005,"2,181","308,863",0.71,,,
North Dakota,5/28/2005,469,5/21/2005,"2,072","308,863",0.67,,,
North Dakota,6/4/2005,426,5/28/2005,"2,221","308,863",0.72,,,
North Dakota,6/11/2005,445,6/4/2005,"2,363","308,863",0.77,,,
North Dakota,6/18/2005,312,6/11/2005,"2,382","308,863",0.77,,,
North Dakota,6/25/2005,270,6/18/2005,"2,369","308,863",0.77,,,
North Dakota,7/2/2005,366,6/25/2005,"2,362","308,863",0.76,,,
North Dakota,7/9/2005,419,7/2/2005,"2,395","310,967",0.77,,,
North Dakota,7/16/2005,285,7/9/2005,"2,393","310,967",0.77,,,
North Dakota,7/23/2005,263,7/16/2005,"2,237","310,967",0.72,,,
North Dakota,7/30/2005,300,7/23/2005,"2,234","310,967",0.72,,,
North Dakota,8/6/2005,275,7/30/2005,"2,297","310,967",0.74,,,
North Dakota,8/13/2005,248,8/6/2005,"2,141","310,967",0.69,,,
North Dakota,8/20/2005,267,8/13/2005,"2,066","310,967",0.66,,,
North Dakota,8/27/2005,221,8/20/2005,"1,934","310,967",0.62,,,
North Dakota,9/3/2005,230,8/27/2005,"1,801","310,967",0.58,,,
North Dakota,9/10/2005,302,9/3/2005,"1,618","310,967",0.52,,,
North Dakota,9/17/2005,264,9/10/2005,"1,605","310,967",0.52,,,
North Dakota,9/24/2005,195,9/17/2005,"1,553","310,967",0.5,,,
North Dakota,10/1/2005,252,9/24/2005,"1,308","310,967",0.42,,,
North Dakota,10/8/2005,437,10/1/2005,"1,346","313,015",0.43,,,
North Dakota,10/15/2005,337,10/8/2005,"1,519","313,015",0.49,,,
North Dakota,10/22/2005,329,10/15/2005,"1,491","313,015",0.48,,,
North Dakota,10/29/2005,329,10/22/2005,"1,525","313,015",0.49,,,
North Dakota,11/5/2005,460,10/29/2005,"1,635","313,015",0.52,,,
North Dakota,11/12/2005,422,11/5/2005,"1,682","313,015",0.54,,,
North Dakota,11/19/2005,"1,012",11/12/2005,"1,952","313,015",0.62,,,
North Dakota,11/26/2005,729,11/19/2005,"2,462","313,015",0.79,,,
North Dakota,12/3/2005,"1,266",11/26/2005,"3,013","313,015",0.96,,,
North Dakota,12/10/2005,"1,128",12/3/2005,"3,642","313,015",1.16,,,
North Dakota,12/17/2005,909,12/10/2005,"4,542","313,015",1.45,,,
North Dakota,12/24/2005,819,12/17/2005,"4,622","313,015",1.48,,,
North Dakota,12/31/2005,835,12/24/2005,"5,006","313,015",1.6,,,
North Dakota,1/7/2006,"1,607",12/31/2005,"5,705","313,015",1.82,,,
North Dakota,1/14/2006,861,1/7/2006,"6,308","314,931",2,,,
North Dakota,1/21/2006,589,1/14/2006,"6,392","314,931",2.03,,,
North Dakota,1/28/2006,549,1/21/2006,"6,445","314,931",2.05,,,
North Dakota,2/4/2006,479,1/28/2006,"6,549","314,931",2.08,,,
North Dakota,2/11/2006,507,2/4/2006,"6,535","314,931",2.08,,,
North Dakota,2/18/2006,452,2/11/2006,"6,553","314,931",2.08,,,
North Dakota,2/25/2006,377,2/18/2006,"6,493","314,931",2.06,,,
North Dakota,3/4/2006,382,2/25/2006,"6,351","314,931",2.02,,,
North Dakota,3/11/2006,379,3/4/2006,"6,153","314,931",1.95,,,
North Dakota,3/18/2006,398,3/11/2006,"5,788","314,931",1.84,,,
North Dakota,3/25/2006,471,3/18/2006,"5,476","314,931",1.74,,,
North Dakota,4/1/2006,286,3/25/2006,"5,326","314,931",1.69,,,
North Dakota,4/8/2006,462,4/1/2006,"4,702","316,626",1.49,,,
North Dakota,4/15/2006,245,4/8/2006,"3,755","316,626",1.19,,,
North Dakota,4/22/2006,400,4/15/2006,"3,181","316,626",1,,,
North Dakota,4/29/2006,217,4/22/2006,"2,699","316,626",0.85,,,
North Dakota,5/6/2006,316,4/29/2006,"2,249","316,626",0.71,,,
North Dakota,5/13/2006,307,5/6/2006,"2,111","316,626",0.67,,,
North Dakota,5/20/2006,290,5/13/2006,"1,957","316,626",0.62,,,
North Dakota,5/27/2006,593,5/20/2006,"1,941","316,626",0.61,,,
North Dakota,6/3/2006,442,5/27/2006,"2,168","316,626",0.68,,,
North Dakota,6/10/2006,345,6/3/2006,"2,298","316,626",0.73,,,
North Dakota,6/17/2006,300,6/10/2006,"2,179","316,626",0.69,,,
North Dakota,6/24/2006,230,6/17/2006,"2,220","316,626",0.7,,,
North Dakota,7/1/2006,303,6/24/2006,"2,227","316,626",0.7,,,
North Dakota,7/8/2006,539,7/1/2006,"2,253","318,075",0.71,,,
North Dakota,7/15/2006,415,7/8/2006,"2,476","318,075",0.78,,,
North Dakota,7/22/2006,322,7/15/2006,"2,564","318,075",0.81,,,
North Dakota,7/29/2006,297,7/22/2006,"2,570","318,075",0.81,,,
North Dakota,8/5/2006,301,7/29/2006,"2,591","318,075",0.81,,,
North Dakota,8/12/2006,226,8/5/2006,"2,519","318,075",0.79,,,
North Dakota,8/19/2006,416,8/12/2006,"2,295","318,075",0.72,,,
North Dakota,8/26/2006,282,8/19/2006,"1,991","318,075",0.63,,,
North Dakota,9/2/2006,278,8/26/2006,"1,661","318,075",0.52,,,
North Dakota,9/9/2006,"1,214",9/2/2006,"1,476","318,075",0.46,,,
North Dakota,9/16/2006,259,9/9/2006,"2,259","318,075",0.71,,,
North Dakota,9/23/2006,187,9/16/2006,"1,398","318,075",0.44,,,
North Dakota,9/30/2006,189,9/23/2006,"1,266","318,075",0.4,,,
North Dakota,10/7/2006,365,9/30/2006,"1,238","318,075",0.39,,,
North Dakota,10/14/2006,556,10/7/2006,"1,361","320,122",0.43,,,
North Dakota,10/21/2006,"1,347",10/14/2006,"1,663","320,122",0.52,,,
North Dakota,10/28/2006,416,10/21/2006,"2,647","320,122",0.83,,,
North Dakota,11/4/2006,637,10/28/2006,"1,576","320,122",0.49,,,
North Dakota,11/11/2006,570,11/4/2006,"1,930","320,122",0.6,,,
North Dakota,11/18/2006,"1,462",11/11/2006,"2,334","320,122",0.73,,,
North Dakota,11/25/2006,"1,059",11/18/2006,"3,432","320,122",1.07,,,
North Dakota,12/2/2006,"1,466",11/25/2006,"4,171","320,122",1.3,,,
North Dakota,12/9/2006,"1,077",12/2/2006,"3,921","320,122",1.22,,,
North Dakota,12/16/2006,820,12/9/2006,"4,264","320,122",1.33,,,
North Dakota,12/23/2006,921,12/16/2006,"4,567","320,122",1.43,,,
North Dakota,12/30/2006,992,12/23/2006,"4,931","320,122",1.54,,,
North Dakota,1/6/2007,853,12/30/2006,"5,807","320,122",1.81,,,
North Dakota,1/13/2007,"1,706",1/6/2007,"6,019","322,110",1.87,,,
North Dakota,1/20/2007,656,1/13/2007,"6,593","322,110",2.05,,,
North Dakota,1/27/2007,538,1/20/2007,"6,806","322,110",2.11,,,
North Dakota,2/3/2007,652,1/27/2007,"6,776","322,110",2.1,,,
North Dakota,2/10/2007,587,2/3/2007,"7,025","322,110",2.18,,,
North Dakota,2/17/2007,507,2/10/2007,"7,088","322,110",2.2,,,
North Dakota,2/24/2007,360,2/17/2007,"7,154","322,110",2.22,,,
North Dakota,3/3/2007,339,2/24/2007,"6,662","322,110",2.07,,,
North Dakota,3/10/2007,348,3/3/2007,"6,700","322,110",2.08,,,
North Dakota,3/17/2007,421,3/10/2007,"6,141","322,110",1.91,,,
North Dakota,3/24/2007,279,3/17/2007,"5,935","322,110",1.84,,,
North Dakota,3/31/2007,266,3/24/2007,"5,207","322,110",1.62,,,
North Dakota,4/7/2007,462,3/31/2007,"4,837","322,110",1.5,,,
North Dakota,4/14/2007,418,4/7/2007,"4,773","323,795",1.47,,,
North Dakota,4/21/2007,259,4/14/2007,"4,154","323,795",1.28,,,
North Dakota,4/28/2007,311,4/21/2007,"3,051","323,795",0.94,,,
North Dakota,5/5/2007,243,4/28/2007,"2,599","323,795",0.8,,,
North Dakota,5/12/2007,258,5/5/2007,"2,119","323,795",0.65,,,
North Dakota,5/19/2007,303,5/12/2007,"1,947","323,795",0.6,,,
North Dakota,5/26/2007,482,5/19/2007,"1,906","323,795",0.59,,,
North Dakota,6/2/2007,633,5/26/2007,"2,078","323,795",0.64,,,
North Dakota,6/9/2007,438,6/2/2007,"2,373","323,795",0.73,,,
North Dakota,6/16/2007,267,6/9/2007,"2,362","323,795",0.73,,,
North Dakota,6/23/2007,233,6/16/2007,"2,224","323,795",0.69,,,
North Dakota,6/30/2007,289,6/23/2007,"2,324","323,795",0.72,,,
North Dakota,7/7/2007,"1,445",6/30/2007,"2,259","323,795",0.7,,,
North Dakota,7/14/2007,420,7/7/2007,"3,612","325,741",1.11,,,
North Dakota,7/21/2007,248,7/14/2007,"2,341","325,741",0.72,,,
North Dakota,7/28/2007,295,7/21/2007,"2,309","325,741",0.71,,,
North Dakota,8/4/2007,205,7/28/2007,"2,311","325,741",0.71,,,
North Dakota,8/11/2007,217,8/4/2007,"2,188","325,741",0.67,,,
North Dakota,8/18/2007,188,8/11/2007,"2,160","325,741",0.66,,,
North Dakota,8/25/2007,189,8/18/2007,"1,753","325,741",0.54,,,
North Dakota,9/1/2007,198,8/25/2007,"1,633","325,741",0.5,,,
North Dakota,9/8/2007,178,9/1/2007,"1,436","325,741",0.44,,,
North Dakota,9/15/2007,155,9/8/2007,"1,280","325,741",0.39,,,
North Dakota,9/22/2007,166,9/15/2007,"1,226","325,741",0.38,,,
North Dakota,9/29/2007,170,9/22/2007,"1,165","325,741",0.36,,,
North Dakota,10/6/2007,188,9/29/2007,"1,152","325,741",0.35,,,
North Dakota,10/13/2007,215,10/6/2007,"1,113","327,360",0.34,,,
North Dakota,10/20/2007,248,10/13/2007,"1,145","327,360",0.35,,,
North Dakota,10/27/2007,350,10/20/2007,"1,200","327,360",0.37,,,
North Dakota,11/3/2007,421,10/27/2007,"1,339","327,360",0.41,,,
North Dakota,11/10/2007,462,11/3/2007,"1,533","327,360",0.47,,,
North Dakota,11/17/2007,524,11/10/2007,"1,763","327,360",0.54,,,
North Dakota,11/24/2007,656,11/17/2007,"2,032","327,360",0.62,,,
North Dakota,12/1/2007,"1,272",11/24/2007,"2,595","327,360",0.79,,,
North Dakota,12/8/2007,"1,164",12/1/2007,"3,383","327,360",1.03,,,
North Dakota,12/15/2007,934,12/8/2007,"4,200","327,360",1.28,,,
North Dakota,12/22/2007,939,12/15/2007,"4,536","327,360",1.39,,,
North Dakota,12/29/2007,910,12/22/2007,"4,806","327,360",1.47,,,
North Dakota,1/5/2008,775,12/29/2007,"5,801","327,360",1.77,,,
North Dakota,1/12/2008,"1,364",1/5/2008,"5,987","328,616",1.82,,,
North Dakota,1/19/2008,732,1/12/2008,"6,128","328,616",1.86,,,
North Dakota,1/26/2008,556,1/19/2008,"6,321","328,616",1.92,,,
North Dakota,2/2/2008,571,1/26/2008,"6,540","328,616",1.99,,,
North Dakota,2/9/2008,430,2/2/2008,"6,705","328,616",2.04,,,
North Dakota,2/16/2008,365,2/9/2008,"6,461","328,616",1.97,,,
North Dakota,2/23/2008,382,2/16/2008,"6,474","328,616",1.97,,,
North Dakota,3/1/2008,316,2/23/2008,"6,359","328,616",1.94,,,
North Dakota,3/8/2008,335,3/1/2008,"5,975","328,616",1.82,,,
North Dakota,3/15/2008,313,3/8/2008,"5,857","328,616",1.78,,,
North Dakota,3/22/2008,303,3/15/2008,"5,230","328,616",1.59,,,
North Dakota,3/29/2008,309,3/22/2008,"5,107","328,616",1.55,,,
North Dakota,4/5/2008,260,3/29/2008,"4,589","328,616",1.4,,,
North Dakota,4/12/2008,360,4/5/2008,"4,052","330,110",1.23,,,
North Dakota,4/19/2008,245,4/12/2008,"3,373","330,110",1.02,,,
North Dakota,4/26/2008,360,4/19/2008,"2,781","330,110",0.84,,,
North Dakota,5/3/2008,277,4/26/2008,"2,451","330,110",0.74,,,
North Dakota,5/10/2008,224,5/3/2008,"2,148","330,110",0.65,,,
North Dakota,5/17/2008,317,5/10/2008,"1,906","330,110",0.58,,,
North Dakota,5/24/2008,412,5/17/2008,"1,875","330,110",0.57,,,
North Dakota,5/31/2008,387,5/24/2008,"1,881","330,110",0.57,,,
North Dakota,6/7/2008,445,5/31/2008,"2,093","330,110",0.63,,,
North Dakota,6/14/2008,401,6/7/2008,"2,170","330,110",0.66,,,
North Dakota,6/21/2008,317,6/14/2008,"2,307","330,110",0.7,,,
North Dakota,6/28/2008,268,6/21/2008,"2,277","330,110",0.69,,,
North Dakota,7/5/2008,261,6/28/2008,"2,253","330,110",0.68,,,
North Dakota,7/12/2008,"1,093",7/5/2008,"2,473","331,977",0.74,,,
North Dakota,7/19/2008,357,7/12/2008,"3,001","331,977",0.9,,,
North Dakota,7/26/2008,388,7/19/2008,"2,520","331,977",0.76,,,
North Dakota,8/2/2008,434,7/26/2008,"2,664","331,977",0.8,,,
North Dakota,8/9/2008,316,8/2/2008,"2,736","331,977",0.82,,,
North Dakota,8/16/2008,262,8/9/2008,"2,678","331,977",0.81,,,
North Dakota,8/23/2008,240,8/16/2008,"2,482","331,977",0.75,,,
North Dakota,8/30/2008,941,8/23/2008,"2,288","331,977",0.69,,,
North Dakota,9/6/2008,308,8/30/2008,"2,903","331,977",0.87,,,
North Dakota,9/13/2008,204,9/6/2008,"2,091","331,977",0.63,,,
North Dakota,9/20/2008,968,9/13/2008,"1,781","331,977",0.54,,,
North Dakota,9/27/2008,215,9/20/2008,"2,463","331,977",0.74,,,
North Dakota,10/4/2008,216,9/27/2008,"1,643","331,977",0.49,,,
North Dakota,10/11/2008,299,10/4/2008,"1,649","334,172",0.49,,,
North Dakota,10/18/2008,320,10/11/2008,"1,601","334,172",0.48,,,
North Dakota,10/25/2008,344,10/18/2008,"1,737","334,172",0.52,,,
North Dakota,11/1/2008,431,10/25/2008,"1,779","334,172",0.53,,,
North Dakota,11/8/2008,616,11/1/2008,"2,015","334,172",0.6,,,
North Dakota,11/15/2008,945,11/8/2008,"2,255","334,172",0.67,,,
North Dakota,11/22/2008,941,11/15/2008,"3,005","334,172",0.9,,,
North Dakota,11/29/2008,"2,332",11/22/2008,"3,282","334,172",0.98,,,
North Dakota,12/6/2008,"1,437",11/29/2008,"5,590","334,172",1.67,,,
North Dakota,12/13/2008,"1,194",12/6/2008,"4,854","334,172",1.45,,,
North Dakota,12/20/2008,"1,757",12/13/2008,"5,643","334,172",1.69,,,
North Dakota,12/27/2008,"1,226",12/20/2008,"7,793","334,172",2.33,,,
North Dakota,1/3/2009,866,12/27/2008,"7,915","334,172",2.37,,,
North Dakota,1/10/2009,"1,887",1/3/2009,"8,243","336,397",2.45,,,
North Dakota,1/17/2009,"1,087",1/10/2009,"9,777","336,397",2.91,,,
North Dakota,1/24/2009,726,1/17/2009,"10,280","336,397",3.06,,,
North Dakota,1/31/2009,777,1/24/2009,"10,231","336,397",3.04,,,
North Dakota,2/7/2009,838,1/31/2009,"10,433","336,397",3.1,,,
North Dakota,2/14/2009,702,2/7/2009,"10,561","336,397",3.14,,,
North Dakota,2/21/2009,610,2/14/2009,"10,868","336,397",3.23,,,
North Dakota,2/28/2009,697,2/21/2009,"9,324","336,397",2.77,,,
North Dakota,3/7/2009,693,2/28/2009,"9,359","336,397",2.78,,,
North Dakota,3/14/2009,"1,550",3/7/2009,"9,270","336,397",2.76,,,
North Dakota,3/21/2009,886,3/14/2009,"10,511","336,397",3.12,,,
North Dakota,3/28/2009,882,3/21/2009,"9,894","336,397",2.94,,,
North Dakota,4/4/2009,998,3/28/2009,"9,760","336,397",2.9,,,
North Dakota,4/11/2009,783,4/4/2009,"9,639","338,808",2.84,,,
North Dakota,4/18/2009,788,4/11/2009,"8,868","338,808",2.62,,,
North Dakota,4/25/2009,608,4/18/2009,"7,528","338,808",2.22,,,
North Dakota,5/2/2009,783,4/25/2009,"6,895","338,808",2.04,,,
North Dakota,5/9/2009,788,5/2/2009,"7,035","338,808",2.08,,,
North Dakota,5/16/2009,620,5/9/2009,"5,898","338,808",1.74,,,
North Dakota,5/23/2009,565,5/16/2009,"5,758","338,808",1.7,,,
North Dakota,5/30/2009,699,5/23/2009,"5,472","338,808",1.62,,,
North Dakota,6/6/2009,759,5/30/2009,"5,570","338,808",1.64,,,
North Dakota,6/13/2009,"1,325",6/6/2009,"5,422","338,808",1.6,,,
North Dakota,6/20/2009,628,6/13/2009,"6,265","338,808",1.85,,,
North Dakota,6/27/2009,503,6/20/2009,"5,419","338,808",1.6,,,
North Dakota,7/4/2009,456,6/27/2009,"5,721","338,808",1.69,,,
North Dakota,7/11/2009,"1,488",7/4/2009,"5,433","340,756",1.59,,,
North Dakota,7/18/2009,695,7/11/2009,"6,307","340,756",1.85,,,
North Dakota,7/25/2009,578,7/18/2009,"5,219","340,756",1.53,,,
North Dakota,8/1/2009,673,7/25/2009,"5,299","340,756",1.56,,,
North Dakota,8/8/2009,450,8/1/2009,"5,165","340,756",1.52,,,
North Dakota,8/15/2009,434,8/8/2009,"5,003","340,756",1.47,,,
North Dakota,8/22/2009,628,8/15/2009,"4,883","340,756",1.43,,,
North Dakota,8/29/2009,675,8/22/2009,"4,854","340,756",1.42,,,
North Dakota,9/5/2009,561,8/29/2009,"4,737","340,756",1.39,,,
North Dakota,9/12/2009,301,9/5/2009,"4,275","340,756",1.25,,,
North Dakota,9/19/2009,323,9/12/2009,"3,806","340,756",1.12,,,
North Dakota,9/26/2009,309,9/19/2009,"3,501","340,756",1.03,,,
North Dakota,10/3/2009,403,9/26/2009,"3,432","340,756",1.01,,,
North Dakota,10/10/2009,715,10/3/2009,"3,333","340,852",0.98,,,
North Dakota,10/17/2009,515,10/10/2009,"3,586","340,852",1.05,,,
North Dakota,10/24/2009,568,10/17/2009,"3,467","340,852",1.02,,,
North Dakota,10/31/2009,586,10/24/2009,"3,571","340,852",1.05,,,
North Dakota,11/7/2009,644,10/31/2009,"3,675","340,852",1.08,,,
North Dakota,11/14/2009,725,11/7/2009,"3,855","340,852",1.13,,,
North Dakota,11/21/2009,"1,005",11/14/2009,"4,159","340,852",1.22,,,
North Dakota,11/28/2009,"1,066",11/21/2009,"4,501","340,852",1.32,,,
North Dakota,12/5/2009,"1,451",11/28/2009,"5,463","340,852",1.6,,,
North Dakota,12/12/2009,"1,789",12/5/2009,"5,810","340,852",1.7,,,
North Dakota,12/19/2009,"1,369",12/12/2009,"6,988","340,852",2.05,,,
North Dakota,12/26/2009,"1,205",12/19/2009,"7,424","340,852",2.18,,,
North Dakota,1/2/2010,"1,138",12/26/2009,"8,396","340,852",2.46,,,
North Dakota,1/9/2010,"2,175",1/2/2010,"9,130","340,439",2.68,,,
North Dakota,1/16/2010,"1,012",1/9/2010,"9,749","340,439",2.86,,,
North Dakota,1/23/2010,669,1/16/2010,"9,382","340,439",2.76,,,
North Dakota,1/30/2010,741,1/23/2010,"9,705","340,439",2.85,,,
North Dakota,2/6/2010,837,1/30/2010,"9,893","340,439",2.91,,,
North Dakota,2/13/2010,614,2/6/2010,"9,849","340,439",2.89,,,
North Dakota,2/20/2010,488,2/13/2010,"9,725","340,439",2.86,,,
North Dakota,2/27/2010,573,2/20/2010,"9,654","340,439",2.84,,,
North Dakota,3/6/2010,558,2/27/2010,"9,418","340,439",2.77,,,
North Dakota,3/13/2010,534,3/6/2010,"8,918","340,439",2.62,,,
North Dakota,3/20/2010,470,3/13/2010,"8,735","340,439",2.57,,,
North Dakota,3/27/2010,437,3/20/2010,"8,006","340,439",2.35,,,
North Dakota,4/3/2010,361,3/27/2010,"7,538","340,439",2.21,,,
North Dakota,4/10/2010,566,4/3/2010,"7,001","340,026",2.06,,,
North Dakota,4/17/2010,435,4/10/2010,"5,931","340,026",1.74,,,
North Dakota,4/24/2010,392,4/17/2010,"5,094","340,026",1.5,,,
North Dakota,5/1/2010,384,4/24/2010,"4,269","340,026",1.26,,,
North Dakota,5/8/2010,647,5/1/2010,"3,934","340,026",1.16,,,
North Dakota,5/15/2010,557,5/8/2010,"4,012","340,026",1.18,,,
North Dakota,5/22/2010,630,5/15/2010,"3,918","340,026",1.15,,,
North Dakota,5/29/2010,641,5/22/2010,"3,819","340,026",1.12,,,
North Dakota,6/5/2010,595,5/29/2010,"3,933","340,026",1.16,,,
North Dakota,6/12/2010,485,6/5/2010,"4,109","340,026",1.21,,,
North Dakota,6/19/2010,344,6/12/2010,"3,920","340,026",1.15,,,
North Dakota,6/26/2010,421,6/19/2010,"3,894","340,026",1.15,,,
North Dakota,7/3/2010,415,6/26/2010,"3,799","340,026",1.12,,,
North Dakota,7/10/2010,874,7/3/2010,"3,756","339,786",1.11,,,
North Dakota,7/17/2010,429,7/10/2010,"4,288","339,786",1.26,,,
North Dakota,7/24/2010,467,7/17/2010,"3,930","339,786",1.16,,,
North Dakota,7/31/2010,379,7/24/2010,"3,922","339,786",1.15,,,
North Dakota,8/7/2010,471,7/31/2010,"3,765","339,786",1.11,,,
North Dakota,8/14/2010,350,8/7/2010,"3,864","339,786",1.14,,,
North Dakota,8/21/2010,299,8/14/2010,"3,572","339,786",1.05,,,
North Dakota,8/28/2010,274,8/21/2010,"3,109","339,786",0.91,,,
North Dakota,9/4/2010,341,8/28/2010,"2,819","339,786",0.83,,,
North Dakota,9/11/2010,329,9/4/2010,"2,641","339,786",0.78,,,
North Dakota,9/18/2010,283,9/11/2010,"2,631","339,786",0.77,,,
North Dakota,9/25/2010,250,9/18/2010,"2,334","339,786",0.69,,,
North Dakota,10/2/2010,271,9/25/2010,"2,326","339,786",0.68,,,
North Dakota,10/9/2010,355,10/2/2010,"2,255","340,421",0.66,,,
North Dakota,10/16/2010,323,10/9/2010,"2,191","340,421",0.64,,,
North Dakota,10/23/2010,371,10/16/2010,"2,249","340,421",0.66,,,
North Dakota,10/30/2010,762,10/23/2010,"2,293","340,421",0.67,,,
North Dakota,11/6/2010,620,10/30/2010,"2,624","340,421",0.77,,,
North Dakota,11/13/2010,658,11/6/2010,"2,822","340,421",0.83,,,
North Dakota,11/20/2010,868,11/13/2010,"3,045","340,421",0.89,,,
North Dakota,11/27/2010,"1,444",11/20/2010,"3,226","340,421",0.95,,,
North Dakota,12/4/2010,"1,477",11/27/2010,"4,553","340,421",1.34,,,
North Dakota,12/11/2010,"1,137",12/4/2010,"5,114","340,421",1.5,,,
North Dakota,12/18/2010,988,12/11/2010,"5,656","340,421",1.66,,,
North Dakota,12/25/2010,"1,033",12/18/2010,"5,935","340,421",1.74,,,
North Dakota,1/1/2011,908,12/25/2010,"6,623","340,421",1.95,,,
North Dakota,1/8/2011,"1,793",1/1/2011,"7,255","342,399",2.12,,,
North Dakota,1/15/2011,"1,075",1/8/2011,"7,628","342,399",2.23,,,
North Dakota,1/22/2011,716,1/15/2011,"7,845","342,399",2.29,,,
North Dakota,1/29/2011,601,1/22/2011,"8,109","342,399",2.37,,,
North Dakota,2/5/2011,597,1/29/2011,"8,004","342,399",2.34,,,
North Dakota,2/12/2011,538,2/5/2011,"8,075","342,399",2.36,,,
North Dakota,2/19/2011,446,2/12/2011,"7,869","342,399",2.3,,,
North Dakota,2/26/2011,422,2/19/2011,"7,603","342,399",2.22,,,
North Dakota,3/5/2011,465,2/26/2011,"7,388","342,399",2.16,,,
North Dakota,3/12/2011,380,3/5/2011,"7,108","342,399",2.08,,,
North Dakota,3/19/2011,400,3/12/2011,"6,697","342,399",1.96,,,
North Dakota,3/26/2011,398,3/19/2011,"6,221","342,399",1.82,,,
North Dakota,4/2/2011,382,3/26/2011,"6,196","342,399",1.81,,,
North Dakota,4/9/2011,567,4/2/2011,"5,686","344,763",1.65,,,
North Dakota,4/16/2011,394,4/9/2011,"5,029","344,763",1.46,,,
North Dakota,4/23/2011,383,4/16/2011,"4,449","344,763",1.29,,,
North Dakota,4/30/2011,339,4/23/2011,"4,348","344,763",1.26,,,
North Dakota,5/7/2011,338,4/30/2011,"3,550","344,763",1.03,,,
North Dakota,5/14/2011,357,5/7/2011,"3,013","344,763",0.87,,,
North Dakota,5/21/2011,391,5/14/2011,"2,866","344,763",0.83,,,
North Dakota,5/28/2011,429,5/21/2011,"2,726","344,763",0.79,,,
North Dakota,6/4/2011,502,5/28/2011,"2,639","344,763",0.77,,,
North Dakota,6/11/2011,394,6/4/2011,"2,790","344,763",0.81,,,
North Dakota,6/18/2011,357,6/11/2011,"2,723","344,763",0.79,,,
North Dakota,6/25/2011,386,6/18/2011,"2,765","344,763",0.8,,,
North Dakota,7/2/2011,587,6/25/2011,"2,836","344,763",0.82,,,
North Dakota,7/9/2011,839,7/2/2011,"2,929","348,395",0.84,,,
North Dakota,7/16/2011,433,7/9/2011,"3,322","348,395",0.95,,,
North Dakota,7/23/2011,463,7/16/2011,"3,177","348,395",0.91,,,
North Dakota,7/30/2011,368,7/23/2011,"3,267","348,395",0.94,,,
North Dakota,8/6/2011,729,7/30/2011,"3,164","348,395",0.91,,,
North Dakota,8/13/2011,282,8/6/2011,"3,468","348,395",1,,,
North Dakota,8/20/2011,259,8/13/2011,"3,277","348,395",0.94,,,
North Dakota,8/27/2011,230,8/20/2011,"2,708","348,395",0.78,,,
North Dakota,9/3/2011,244,8/27/2011,"2,354","348,395",0.68,,,
North Dakota,9/10/2011,193,9/3/2011,"2,245","348,395",0.64,,,
North Dakota,9/17/2011,226,9/10/2011,"2,109","348,395",0.61,,,
North Dakota,9/24/2011,212,9/17/2011,"1,987","348,395",0.57,,,
North Dakota,10/1/2011,189,9/24/2011,"1,903","348,395",0.55,,,
North Dakota,10/8/2011,319,10/1/2011,"1,848","352,743",0.52,,,
North Dakota,10/15/2011,284,10/8/2011,"1,773","352,743",0.5,,,
North Dakota,10/22/2011,320,10/15/2011,"1,889","352,743",0.54,,,
North Dakota,10/29/2011,409,10/22/2011,"1,869","352,743",0.53,,,
North Dakota,11/5/2011,411,10/29/2011,"1,999","352,743",0.57,,,
North Dakota,11/12/2011,424,11/5/2011,"2,054","352,743",0.58,,,
North Dakota,11/19/2011,678,11/12/2011,"2,384","352,743",0.68,,,
North Dakota,11/26/2011,725,11/19/2011,"2,559","352,743",0.73,,,
North Dakota,12/3/2011,845,11/26/2011,"3,134","352,743",0.89,,,
North Dakota,12/10/2011,"1,047",12/3/2011,"3,467","352,743",0.98,,,
North Dakota,12/17/2011,915,12/10/2011,"4,085","352,743",1.16,,,
North Dakota,12/24/2011,"1,096",12/17/2011,"4,532","352,743",1.28,,,
North Dakota,12/31/2011,913,12/24/2011,"5,156","352,743",1.46,,,
North Dakota,1/7/2012,"1,500",12/31/2011,"5,811","352,743",1.65,,,
North Dakota,1/14/2012,871,1/7/2012,"6,310","357,217",1.77,,,
North Dakota,1/21/2012,711,1/14/2012,"6,545","357,217",1.83,,,
North Dakota,1/28/2012,690,1/21/2012,"6,910","357,217",1.93,,,
North Dakota,2/4/2012,543,1/28/2012,"6,929","357,217",1.94,,,
North Dakota,2/11/2012,392,2/4/2012,"6,878","357,217",1.93,,,
North Dakota,2/18/2012,378,2/11/2012,"6,887","357,217",1.93,,,
North Dakota,2/25/2012,347,2/18/2012,"6,470","357,217",1.81,,,
North Dakota,3/3/2012,428,2/25/2012,"6,370","357,217",1.78,,,
North Dakota,3/10/2012,421,3/3/2012,"6,362","357,217",1.78,,,
North Dakota,3/17/2012,307,3/10/2012,"5,942","357,217",1.66,,,
North Dakota,3/24/2012,320,3/17/2012,"5,429","357,217",1.52,,,
North Dakota,3/31/2012,446,3/24/2012,"4,774","357,217",1.34,,,
North Dakota,4/7/2012,397,3/31/2012,"4,272","357,217",1.2,,,
North Dakota,4/14/2012,348,4/7/2012,"3,746","362,878",1.03,,,
North Dakota,4/21/2012,299,4/14/2012,"3,036","362,878",0.84,,,
North Dakota,4/28/2012,255,4/21/2012,"2,583","362,878",0.71,,,
North Dakota,5/5/2012,300,4/28/2012,"2,228","362,878",0.61,,,
North Dakota,5/12/2012,252,5/5/2012,"2,133","362,878",0.59,,,
North Dakota,5/19/2012,334,5/12/2012,"1,983","362,878",0.55,,,
North Dakota,5/26/2012,598,5/19/2012,"1,956","362,878",0.54,,,
North Dakota,6/2/2012,347,5/26/2012,"2,225","362,878",0.61,,,
North Dakota,6/9/2012,290,6/2/2012,"2,316","362,878",0.64,,,
North Dakota,6/16/2012,383,6/9/2012,"2,232","362,878",0.62,,,
North Dakota,6/23/2012,339,6/16/2012,"2,152","362,878",0.59,,,
North Dakota,6/30/2012,297,6/23/2012,"2,187","362,878",0.6,,,
North Dakota,7/7/2012,684,6/30/2012,"2,151","362,878",0.59,,,
North Dakota,7/14/2012,339,7/7/2012,"2,650","369,551",0.72,,,
North Dakota,7/21/2012,263,7/14/2012,"2,437","369,551",0.66,,,
North Dakota,7/28/2012,292,7/21/2012,"2,374","369,551",0.64,,,
North Dakota,8/4/2012,355,7/28/2012,"2,278","369,551",0.62,,,
North Dakota,8/11/2012,246,8/4/2012,"2,312","369,551",0.63,,,
North Dakota,8/18/2012,273,8/11/2012,"2,127","369,551",0.58,,,
North Dakota,8/25/2012,274,8/18/2012,"1,848","369,551",0.5,,,
North Dakota,9/1/2012,257,8/25/2012,"1,739","369,551",0.47,,,
North Dakota,9/8/2012,713,9/1/2012,"1,647","369,551",0.45,,,
North Dakota,9/15/2012,266,9/8/2012,"1,938","369,551",0.52,,,
North Dakota,9/22/2012,213,9/15/2012,"1,508","369,551",0.41,,,
North Dakota,9/29/2012,218,9/22/2012,"1,438","369,551",0.39,,,
North Dakota,10/6/2012,247,9/29/2012,"1,431","369,551",0.39,,,
North Dakota,10/13/2012,384,10/6/2012,"1,461","377,556",0.39,,,
North Dakota,10/20/2012,357,10/13/2012,"1,569","377,556",0.42,,,
North Dakota,10/27/2012,366,10/20/2012,"1,633","377,556",0.43,,,
North Dakota,11/3/2012,607,10/27/2012,"1,749","377,556",0.46,,,
North Dakota,11/10/2012,636,11/3/2012,"2,040","377,556",0.54,,,
North Dakota,11/17/2012,"1,035",11/10/2012,"2,273","377,556",0.6,,,
North Dakota,11/24/2012,825,11/17/2012,"2,925","377,556",0.77,,,
North Dakota,12/1/2012,"1,006",11/24/2012,"3,317","377,556",0.88,,,
North Dakota,12/8/2012,"1,075",12/1/2012,"3,746","377,556",0.99,,,
North Dakota,12/15/2012,"1,086",12/8/2012,"4,249","377,556",1.13,,,
North Dakota,12/22/2012,"1,330",12/15/2012,"4,918","377,556",1.3,,,
North Dakota,12/29/2012,"1,186",12/22/2012,"5,409","377,556",1.43,,,
North Dakota,1/5/2013,804,12/29/2012,"6,494","377,556",1.72,,,
North Dakota,1/12/2013,"1,799",1/5/2013,"6,686","386,799",1.73,,,
North Dakota,1/19/2013,956,1/12/2013,"7,097","386,799",1.83,,,
North Dakota,1/26/2013,634,1/19/2013,"7,224","386,799",1.87,,,
North Dakota,2/2/2013,642,1/26/2013,"7,379","386,799",1.91,,,
North Dakota,2/9/2013,537,2/2/2013,"7,526","386,799",1.95,,,
North Dakota,2/16/2013,484,2/9/2013,"7,310","386,799",1.89,,,
North Dakota,2/23/2013,403,2/16/2013,"7,084","386,799",1.83,,,
North Dakota,3/2/2013,415,2/23/2013,"6,996","386,799",1.81,,,
North Dakota,3/9/2013,370,3/2/2013,"6,768","386,799",1.75,,,
North Dakota,3/16/2013,424,3/9/2013,"6,505","386,799",1.68,,,
North Dakota,3/23/2013,506,3/16/2013,"6,167","386,799",1.59,,,
North Dakota,3/30/2013,442,3/23/2013,"6,034","386,799",1.56,,,
North Dakota,4/6/2013,445,3/30/2013,"5,820","386,799",1.5,,,
North Dakota,4/13/2013,494,4/6/2013,"5,445","395,503",1.38,,,
North Dakota,4/20/2013,429,4/13/2013,"4,889","395,503",1.24,,,
North Dakota,4/27/2013,337,4/20/2013,"4,813","395,503",1.22,,,
North Dakota,5/4/2013,315,4/27/2013,"4,028","395,503",1.02,,,
North Dakota,5/11/2013,321,5/4/2013,"3,413","395,503",0.86,,,
North Dakota,5/18/2013,286,5/11/2013,"2,748","395,503",0.69,,,
North Dakota,5/25/2013,450,5/18/2013,"2,516","395,503",0.64,,,
North Dakota,6/1/2013,532,5/25/2013,"2,553","395,503",0.65,,,
North Dakota,6/8/2013,502,6/1/2013,"2,737","395,503",0.69,,,
North Dakota,6/15/2013,337,6/8/2013,"2,507","395,503",0.63,,,
North Dakota,6/22/2013,335,6/15/2013,"2,354","395,503",0.6,,,
North Dakota,6/29/2013,354,6/22/2013,"2,374","395,503",0.6,,,
North Dakota,7/6/2013,383,6/29/2013,"2,376","395,503",0.6,,,
North Dakota,7/13/2013,545,7/6/2013,"2,549","402,160",0.63,,,
North Dakota,7/20/2013,520,7/13/2013,"2,572","402,160",0.64,,,
North Dakota,7/27/2013,267,7/20/2013,"2,626","402,160",0.65,,,
North Dakota,8/3/2013,357,7/27/2013,"2,331","402,160",0.58,,,
North Dakota,8/10/2013,381,8/3/2013,"2,401","402,160",0.6,,,
North Dakota,8/17/2013,253,8/10/2013,"2,450","402,160",0.61,,,
North Dakota,8/24/2013,231,8/17/2013,"2,233","402,160",0.56,,,
North Dakota,8/31/2013,245,8/24/2013,"2,077","402,160",0.52,,,
North Dakota,9/7/2013,215,8/31/2013,"1,715","402,160",0.43,,,
North Dakota,9/14/2013,199,9/7/2013,"1,641","402,160",0.41,,,
North Dakota,9/21/2013,221,9/14/2013,"1,512","402,160",0.38,,,
North Dakota,9/28/2013,203,9/21/2013,"1,406","402,160",0.35,,,
North Dakota,10/5/2013,253,9/28/2013,"1,330","402,160",0.33,,,
North Dakota,10/12/2013,273,10/5/2013,"1,405","406,979",0.35,,,
North Dakota,10/19/2013,305,10/12/2013,"1,431","406,979",0.35,,,
North Dakota,10/26/2013,341,10/19/2013,"1,482","406,979",0.36,,,
North Dakota,11/2/2013,360,10/26/2013,"1,455","406,979",0.36,,,
North Dakota,11/9/2013,449,11/2/2013,"1,621","406,979",0.4,,,
North Dakota,11/16/2013,552,11/9/2013,"1,821","406,979",0.45,,,
North Dakota,11/23/2013,884,11/16/2013,"2,083","406,979",0.51,,,
North Dakota,11/30/2013,893,11/23/2013,"2,590","406,979",0.64,,,
North Dakota,12/7/2013,"1,590",11/30/2013,"3,359","406,979",0.83,,,
North Dakota,12/14/2013,"1,336",12/7/2013,"4,432","406,979",1.09,,,
North Dakota,12/21/2013,"1,017",12/14/2013,"5,104","406,979",1.25,,,
North Dakota,12/28/2013,"1,084",12/21/2013,"5,119","406,979",1.26,,,
North Dakota,1/4/2014,"1,138",12/28/2013,"6,403","406,979",1.57,,,
North Dakota,1/11/2014,"1,772",1/4/2014,"6,780","410,311",1.65,,,
North Dakota,1/18/2014,731,1/11/2014,"7,227","410,311",1.76,,,
North Dakota,1/25/2014,591,1/18/2014,"6,983","410,311",1.7,,,
North Dakota,2/1/2014,538,1/25/2014,"7,136","410,311",1.74,,,
North Dakota,2/8/2014,525,2/1/2014,"7,238","410,311",1.76,,,
North Dakota,2/15/2014,397,2/8/2014,"7,191","410,311",1.75,,,
North Dakota,2/22/2014,468,2/15/2014,"7,030","410,311",1.71,,,
North Dakota,3/1/2014,480,2/22/2014,"6,626","410,311",1.61,,,
North Dakota,3/8/2014,356,3/1/2014,"6,711","410,311",1.64,,,
North Dakota,3/15/2014,270,3/8/2014,"6,041","410,311",1.47,,,
North Dakota,3/22/2014,242,3/15/2014,"5,429","410,311",1.32,,,
North Dakota,3/29/2014,235,3/22/2014,"5,184","410,311",1.26,,,
North Dakota,4/5/2014,300,3/29/2014,"4,746","410,311",1.16,,,
North Dakota,4/12/2014,421,4/5/2014,"4,542","413,729",1.1,,,
North Dakota,4/19/2014,232,4/12/2014,"3,594","413,729",0.87,,,
North Dakota,4/26/2014,264,4/19/2014,"3,171","413,729",0.77,,,
North Dakota,5/3/2014,300,4/26/2014,"2,580","413,729",0.62,,,
North Dakota,5/10/2014,261,5/3/2014,"2,470","413,729",0.6,,,
North Dakota,5/17/2014,219,5/10/2014,"2,040","413,729",0.49,,,
North Dakota,5/24/2014,303,5/17/2014,"1,787","413,729",0.43,,,
North Dakota,5/31/2014,323,5/24/2014,"1,645","413,729",0.4,,,
North Dakota,6/7/2014,293,5/31/2014,"1,736","413,729",0.42,,,
North Dakota,6/14/2014,290,6/7/2014,"1,672","413,729",0.4,,,
North Dakota,6/21/2014,298,6/14/2014,"1,742","413,729",0.42,,,
North Dakota,6/28/2014,295,6/21/2014,"1,758","413,729",0.42,,,
North Dakota,7/5/2014,569,6/28/2014,"1,826","413,729",0.44,,,
North Dakota,7/12/2014,456,7/5/2014,"2,249","417,745",0.54,,,
North Dakota,7/19/2014,231,7/12/2014,"2,107","417,745",0.5,,,
North Dakota,7/26/2014,231,7/19/2014,"1,968","417,745",0.47,,,
North Dakota,8/2/2014,302,7/26/2014,"1,930","417,745",0.46,,,
North Dakota,8/9/2014,229,8/2/2014,"1,988","417,745",0.48,,,
North Dakota,8/16/2014,201,8/9/2014,"1,883","417,745",0.45,,,
North Dakota,8/23/2014,186,8/16/2014,"1,744","417,745",0.42,,,
North Dakota,8/30/2014,164,8/23/2014,"1,610","417,745",0.39,,,
North Dakota,9/6/2014,226,8/30/2014,"1,475","417,745",0.35,,,
North Dakota,9/13/2014,187,9/6/2014,"1,383","417,745",0.33,,,
North Dakota,9/20/2014,181,9/13/2014,"1,205","417,745",0.29,,,
North Dakota,9/27/2014,168,9/20/2014,"1,118","417,745",0.27,,,
North Dakota,10/4/2014,434,9/27/2014,"1,095","417,745",0.26,,,
North Dakota,10/11/2014,291,10/4/2014,"1,326","421,310",0.31,,,
North Dakota,10/18/2014,270,10/11/2014,"1,366","421,310",0.32,,,
North Dakota,10/25/2014,261,10/18/2014,"1,423","421,310",0.34,,,
North Dakota,11/1/2014,267,10/25/2014,"1,239","421,310",0.29,,,
North Dakota,11/8/2014,490,11/1/2014,"1,320","421,310",0.31,,,
North Dakota,11/15/2014,824,11/8/2014,"1,557","421,310",0.37,,,
North Dakota,11/22/2014,"1,024",11/15/2014,"2,126","421,310",0.5,,,
North Dakota,11/29/2014,"1,164",11/22/2014,"2,653","421,310",0.63,,,
North Dakota,12/6/2014,"1,151",11/29/2014,"3,728","421,310",0.88,,,
North Dakota,12/13/2014,906,12/6/2014,"3,994","421,310",0.95,,,
North Dakota,12/20/2014,"1,063",12/13/2014,"4,350","421,310",1.03,,,
North Dakota,12/27/2014,"1,121",12/20/2014,"4,886","421,310",1.16,,,
North Dakota,1/3/2015,867,12/27/2014,"6,099","421,310",1.45,,,
North Dakota,1/10/2015,"1,933",1/3/2015,"6,427","426,029",1.51,,,
North Dakota,1/17/2015,903,1/10/2015,"7,219","426,029",1.69,,,
North Dakota,1/24/2015,620,1/17/2015,"7,154","426,029",1.68,,,
North Dakota,1/31/2015,642,1/24/2015,"7,004","426,029",1.64,,,
North Dakota,2/7/2015,688,1/31/2015,"7,183","426,029",1.69,,,
North Dakota,2/14/2015,561,2/7/2015,"7,296","426,029",1.71,,,
North Dakota,2/21/2015,578,2/14/2015,"7,316","426,029",1.72,,,
North Dakota,2/28/2015,614,2/21/2015,"7,433","426,029",1.74,,,
North Dakota,3/7/2015,513,2/28/2015,"7,371","426,029",1.73,,,
North Dakota,3/14/2015,492,3/7/2015,"7,180","426,029",1.69,,,
North Dakota,3/21/2015,536,3/14/2015,"6,707","426,029",1.57,,,
North Dakota,3/28/2015,487,3/21/2015,"6,479","426,029",1.52,,,
North Dakota,4/4/2015,562,3/28/2015,"6,093","426,029",1.43,,,
North Dakota,4/11/2015,711,4/4/2015,"5,796","430,876",1.35,,,
North Dakota,4/18/2015,439,4/11/2015,"4,837","430,876",1.12,,,
North Dakota,4/25/2015,455,4/18/2015,"4,099","430,876",0.95,,,
North Dakota,5/2/2015,455,4/25/2015,"3,776","430,876",0.88,,,
North Dakota,5/9/2015,445,5/2/2015,"3,627","430,876",0.84,,,
North Dakota,5/16/2015,475,5/9/2015,"3,451","430,876",0.8,,,
North Dakota,5/23/2015,497,5/16/2015,"3,407","430,876",0.79,,,
North Dakota,5/30/2015,616,5/23/2015,"3,374","430,876",0.78,,,
North Dakota,6/6/2015,467,5/30/2015,"3,531","430,876",0.82,,,
North Dakota,6/13/2015,431,6/6/2015,"3,447","430,876",0.8,,,
North Dakota,6/20/2015,531,6/13/2015,"3,344","430,876",0.78,,,
North Dakota,6/27/2015,642,6/20/2015,"3,594","430,876",0.83,,,
North Dakota,7/4/2015,637,6/27/2015,"3,806","430,876",0.88,,,
North Dakota,7/11/2015,556,7/4/2015,"3,964","435,624",0.91,,,
North Dakota,7/18/2015,413,7/11/2015,"3,620","435,624",0.83,,,
North Dakota,7/25/2015,420,7/18/2015,"3,626","435,624",0.83,,,
North Dakota,8/1/2015,445,7/25/2015,"3,656","435,624",0.84,,,
North Dakota,8/8/2015,402,8/1/2015,"3,596","435,624",0.83,,,
North Dakota,8/15/2015,273,8/8/2015,"3,445","435,624",0.79,,,
North Dakota,8/22/2015,291,8/15/2015,"3,266","435,624",0.75,,,
North Dakota,8/29/2015,301,8/22/2015,"2,728","435,624",0.63,,,
North Dakota,9/5/2015,354,8/29/2015,"2,539","435,624",0.58,,,
North Dakota,9/12/2015,563,9/5/2015,"2,427","435,624",0.56,,,
North Dakota,9/19/2015,383,9/12/2015,"2,713","435,624",0.62,,,
North Dakota,9/26/2015,361,9/19/2015,"2,528","435,624",0.58,,,
North Dakota,10/3/2015,339,9/26/2015,"2,322","435,624",0.53,,,
North Dakota,10/10/2015,423,10/3/2015,"2,279","438,475",0.52,,,
North Dakota,10/17/2015,375,10/10/2015,"2,304","438,475",0.53,,,
North Dakota,10/24/2015,396,10/17/2015,"2,336","438,475",0.53,,,
North Dakota,10/31/2015,461,10/24/2015,"2,478","438,475",0.57,,,
North Dakota,11/7/2015,582,10/31/2015,"2,592","438,475",0.59,,,
North Dakota,11/14/2015,653,11/7/2015,"2,776","438,475",0.63,,,
North Dakota,11/21/2015,"1,088",11/14/2015,"3,040","438,475",0.69,,,
North Dakota,11/28/2015,"1,220",11/21/2015,"3,698","438,475",0.84,,,
North Dakota,12/5/2015,"1,515",11/28/2015,"4,659","438,475",1.06,,,
North Dakota,12/12/2015,"1,477",12/5/2015,"5,340","438,475",1.22,,,
North Dakota,12/19/2015,"1,640",12/12/2015,"6,159","438,475",1.4,,,
North Dakota,12/26/2015,"1,394",12/19/2015,"6,900","438,475",1.57,,,
North Dakota,1/2/2016,"1,165",12/26/2015,"8,105","438,475",1.85,,,
North Dakota,1/9/2016,"2,476",1/2/2016,"8,796","437,675",2.01,,,
North Dakota,1/16/2016,"1,314",1/9/2016,"9,527","437,675",2.18,,,
North Dakota,1/23/2016,"1,046",1/16/2016,"10,129","437,675",2.31,,,
North Dakota,1/30/2016,907,1/23/2016,"9,921","437,675",2.27,,,
North Dakota,2/6/2016,997,1/30/2016,"9,837","437,675",2.25,,,
North Dakota,2/13/2016,768,2/6/2016,"10,106","437,675",2.31,,,
North Dakota,2/20/2016,989,2/13/2016,"10,264","437,675",2.35,,,
North Dakota,2/27/2016,719,2/20/2016,"10,348","437,675",2.36,,,
North Dakota,3/5/2016,775,2/27/2016,"10,213","437,675",2.33,,,
North Dakota,3/12/2016,623,3/5/2016,"10,161","437,675",2.32,,,
North Dakota,3/19/2016,633,3/12/2016,"9,647","437,675",2.2,,,
North Dakota,3/26/2016,459,3/19/2016,"9,261","437,675",2.12,,,
North Dakota,4/2/2016,673,3/26/2016,"8,772","437,675",2,,,
North Dakota,4/9/2016,619,4/2/2016,"8,159","433,944",1.88,,,
North Dakota,4/16/2016,461,4/9/2016,"6,948","433,944",1.6,,,
North Dakota,4/23/2016,511,4/16/2016,"6,175","433,944",1.42,,,
North Dakota,4/30/2016,631,4/23/2016,"5,795","433,944",1.34,,,
North Dakota,5/7/2016,640,4/30/2016,"5,561","433,944",1.28,,,
North Dakota,5/14/2016,495,5/7/2016,"4,987","433,944",1.15,,,
North Dakota,5/21/2016,481,5/14/2016,"4,753","433,944",1.1,,,
North Dakota,5/28/2016,585,5/21/2016,"4,620","433,944",1.06,,,
North Dakota,6/4/2016,619,5/28/2016,"4,542","433,944",1.05,,,
North Dakota,6/11/2016,482,6/4/2016,"4,789","433,944",1.1,,,
North Dakota,6/18/2016,438,6/11/2016,"4,467","433,944",1.03,,,
North Dakota,6/25/2016,444,6/18/2016,"4,300","433,944",0.99,,,
North Dakota,7/2/2016,475,6/25/2016,"4,242","433,944",0.98,,,
North Dakota,7/9/2016,984,7/2/2016,"4,199","427,799",0.98,,,
North Dakota,7/16/2016,479,7/9/2016,"4,713","427,799",1.1,,,
North Dakota,7/23/2016,361,7/16/2016,"4,177","427,799",0.98,,,
North Dakota,7/30/2016,340,7/23/2016,"4,057","427,799",0.95,,,
North Dakota,8/6/2016,402,7/30/2016,"3,843","427,799",0.9,,,
North Dakota,8/13/2016,322,8/6/2016,"3,907","427,799",0.91,,,
North Dakota,8/20/2016,815,8/13/2016,"3,541","427,799",0.83,,,
North Dakota,8/27/2016,314,8/20/2016,"3,648","427,799",0.85,,,
North Dakota,9/3/2016,296,8/27/2016,"2,909","427,799",0.68,,,
North Dakota,9/10/2016,327,9/3/2016,"2,733","427,799",0.64,,,
North Dakota,9/17/2016,372,9/10/2016,"2,863","427,799",0.67,,,
North Dakota,9/24/2016,234,9/17/2016,"2,381","427,799",0.56,,,
North Dakota,10/1/2016,393,9/24/2016,"2,340","427,799",0.55,,,
North Dakota,10/8/2016,458,10/1/2016,"2,273","420,831",0.54,,,
North Dakota,10/15/2016,351,10/8/2016,"2,399","420,831",0.57,,,
North Dakota,10/22/2016,409,10/15/2016,"2,250","420,831",0.53,,,
North Dakota,10/29/2016,497,10/22/2016,"2,338","420,831",0.56,,,
North Dakota,11/5/2016,566,10/29/2016,"2,438","420,831",0.58,,,
North Dakota,11/12/2016,646,11/5/2016,"2,612","420,831",0.62,,,
North Dakota,11/19/2016,"1,298",11/12/2016,"2,994","420,831",0.71,,,
North Dakota,11/26/2016,"1,908",11/19/2016,"3,503","420,831",0.83,,,
North Dakota,12/3/2016,"1,857",11/26/2016,"5,527","420,831",1.31,,,
North Dakota,12/10/2016,"1,796",12/3/2016,"5,713","420,831",1.36,,,
North Dakota,12/17/2016,"1,584",12/10/2016,"6,611","420,831",1.57,,,
North Dakota,12/24/2016,"1,161",12/17/2016,"7,365","420,831",1.75,,,
North Dakota,12/31/2016,992,12/24/2016,"7,443","420,831",1.77,,,
North Dakota,1/7/2017,"2,181",12/31/2016,"8,240","420,831",1.96,,,
North Dakota,1/14/2017,"1,176",1/7/2017,"9,186","415,155",2.21,,,
North Dakota,1/21/2017,793,1/14/2017,"9,056","415,155",2.18,,,
North Dakota,1/28/2017,770,1/21/2017,"8,894","415,155",2.14,,,
North Dakota,2/4/2017,704,1/28/2017,"9,087","415,155",2.19,,,
North Dakota,2/11/2017,564,2/4/2017,"9,234","415,155",2.22,,,
North Dakota,2/18/2017,453,2/11/2017,"9,174","415,155",2.21,,,
North Dakota,2/25/2017,422,2/18/2017,"8,805","415,155",2.12,,,
North Dakota,3/4/2017,463,2/25/2017,"8,682","415,155",2.09,,,
North Dakota,3/11/2017,404,3/4/2017,"8,250","415,155",1.99,,,
North Dakota,3/18/2017,354,3/11/2017,"8,048","415,155",1.94,,,
North Dakota,3/25/2017,378,3/18/2017,"7,589","415,155",1.83,,,
North Dakota,4/1/2017,377,3/25/2017,"7,033","415,155",1.69,,,
North Dakota,4/8/2017,401,4/1/2017,"6,516","411,016",1.59,,,
North Dakota,4/15/2017,256,4/8/2017,"5,446","411,016",1.33,,,
North Dakota,4/22/2017,287,4/15/2017,"4,633","411,016",1.13,,,
North Dakota,4/29/2017,320,4/22/2017,"3,803","411,016",0.93,,,
North Dakota,5/6/2017,312,4/29/2017,"3,315","411,016",0.81,,,
North Dakota,5/13/2017,407,5/6/2017,"2,661","411,016",0.65,,,
North Dakota,5/20/2017,388,5/13/2017,"2,508","411,016",0.61,,,
North Dakota,5/27/2017,477,5/20/2017,"2,460","411,016",0.6,,,
North Dakota,6/3/2017,514,5/27/2017,"2,543","411,016",0.62,,,
North Dakota,6/10/2017,399,6/3/2017,"2,728","411,016",0.66,,,
North Dakota,6/17/2017,370,6/10/2017,"2,606","411,016",0.63,,,
North Dakota,6/24/2017,367,6/17/2017,"2,618","411,016",0.64,,,
North Dakota,7/1/2017,347,6/24/2017,"2,690","411,016",0.65,,,
North Dakota,7/8/2017,"1,049",7/1/2017,"2,590","407,610",0.64,,,
North Dakota,7/15/2017,394,7/8/2017,"3,468","407,610",0.85,,,
North Dakota,7/22/2017,298,7/15/2017,"2,659","407,610",0.65,,,
North Dakota,7/29/2017,284,7/22/2017,"2,649","407,610",0.65,,,
North Dakota,8/5/2017,333,7/29/2017,"2,565","407,610",0.63,,,
North Dakota,8/12/2017,285,8/5/2017,"2,571","407,610",0.63,,,
North Dakota,8/19/2017,354,8/12/2017,"2,417","407,610",0.59,,,
North Dakota,8/26/2017,325,8/19/2017,"2,231","407,610",0.55,,,
North Dakota,9/2/2017,334,8/26/2017,"2,184","407,610",0.54,,,
North Dakota,9/9/2017,288,9/2/2017,"2,132","407,610",0.52,,,
North Dakota,9/16/2017,221,9/9/2017,"1,941","407,610",0.48,,,
North Dakota,9/23/2017,247,9/16/2017,"1,790","407,610",0.44,,,
North Dakota,9/30/2017,268,9/23/2017,"1,754","407,610",0.43,,,
North Dakota,10/7/2017,367,9/30/2017,"1,723","407,610",0.42,,,
North Dakota,10/14/2017,292,10/7/2017,"1,724","406,139",0.42,,,
North Dakota,10/21/2017,292,10/14/2017,"1,744","406,139",0.43,,,
North Dakota,10/28/2017,349,10/21/2017,"1,807","406,139",0.44,,,
North Dakota,11/4/2017,599,10/28/2017,"1,879","406,139",0.46,,,
North Dakota,11/11/2017,756,11/4/2017,"2,096","406,139",0.52,,,
North Dakota,11/18/2017,958,11/11/2017,"2,712","406,139",0.67,,,
North Dakota,11/25/2017,920,11/18/2017,"3,067","406,139",0.76,,,
North Dakota,12/2/2017,"1,198",11/25/2017,"3,888","406,139",0.96,,,
North Dakota,12/9/2017,"1,355",12/2/2017,"4,302","406,139",1.06,,,
North Dakota,12/16/2017,"1,213",12/9/2017,"5,235","406,139",1.29,,,
North Dakota,12/23/2017,"1,160",12/16/2017,"5,675","406,139",1.4,,,
North Dakota,12/30/2017,"1,115",12/23/2017,"6,135","406,139",1.51,,,
North Dakota,1/6/2018,"1,035",12/30/2017,"7,116","406,139",1.75,,,
North Dakota,1/13/2018,"1,862",1/6/2018,"7,501","405,720",1.85,,,
North Dakota,1/20/2018,769,1/13/2018,"7,824","405,720",1.93,,,
North Dakota,1/27/2018,608,1/20/2018,"7,973","405,720",1.97,,,
North Dakota,2/3/2018,588,1/27/2018,"8,004","405,720",1.97,,,
North Dakota,2/10/2018,528,2/3/2018,"8,006","405,720",1.97,,,
North Dakota,2/17/2018,426,2/10/2018,"8,073","405,720",1.99,,,
North Dakota,2/24/2018,372,2/17/2018,"7,780","405,720",1.92,,,
North Dakota,3/3/2018,368,2/24/2018,"7,608","405,720",1.88,,,
North Dakota,3/10/2018,322,3/3/2018,"7,310","405,720",1.8,,,
North Dakota,3/17/2018,349,3/10/2018,"7,199","405,720",1.77,,,
North Dakota,3/24/2018,301,3/17/2018,"6,659","405,720",1.64,,,
North Dakota,3/31/2018,256,3/24/2018,"6,333","405,720",1.56,,,
North Dakota,4/7/2018,423,3/31/2018,"6,120","405,720",1.51,,,
North Dakota,4/14/2018,313,4/7/2018,"5,803","404,792",1.43,,,
North Dakota,4/21/2018,275,4/14/2018,"4,987","404,792",1.23,,,
North Dakota,4/28/2018,265,4/21/2018,"4,310","404,792",1.06,,,
North Dakota,5/5/2018,244,4/28/2018,"3,306","404,792",0.82,,,
North Dakota,5/12/2018,233,5/5/2018,"2,604","404,792",0.64,,,
North Dakota,5/19/2018,284,5/12/2018,"2,177","404,792",0.54,,,
North Dakota,5/26/2018,296,5/19/2018,"2,002","404,792",0.49,,,
North Dakota,6/2/2018,351,5/26/2018,"1,850","404,792",0.46,,,
North Dakota,6/9/2018,450,6/2/2018,"2,028","404,792",0.5,,,
North Dakota,6/16/2018,251,6/9/2018,"2,145","404,792",0.53,,,
North Dakota,6/23/2018,274,6/16/2018,"2,078","404,792",0.51,,,
North Dakota,6/30/2018,311,6/23/2018,"2,081","404,792",0.51,,,
North Dakota,7/7/2018,353,6/30/2018,"2,157","404,792",0.53,,,
North Dakota,7/14/2018,275,7/7/2018,"2,265","404,572",0.56,,,
North Dakota,7/21/2018,217,7/14/2018,"2,114","404,572",0.52,,,
North Dakota,7/28/2018,242,7/21/2018,"2,085","404,572",0.52,,,
North Dakota,8/4/2018,269,7/28/2018,"2,052","404,572",0.51,,,
North Dakota,8/11/2018,250,8/4/2018,"1,996","404,572",0.49,,,
North Dakota,8/18/2018,241,8/11/2018,"1,935","404,572",0.48,,,
North Dakota,8/25/2018,214,8/18/2018,"1,798","404,572",0.44,,,
North Dakota,9/1/2018,208,8/25/2018,"1,656","404,572",0.41,,,
North Dakota,9/8/2018,201,9/1/2018,"1,455","404,572",0.36,,,
North Dakota,9/15/2018,167,9/8/2018,"1,435","404,572",0.35,,,
North Dakota,9/22/2018,201,9/15/2018,"1,314","404,572",0.32,,,
North Dakota,9/29/2018,194,9/22/2018,"1,287","404,572",0.32,,,
North Dakota,10/6/2018,232,9/29/2018,"1,219","404,572",0.3,,,
North Dakota,10/13/2018,336,10/6/2018,"1,177","405,169",0.29,,,
North Dakota,10/20/2018,236,10/13/2018,"1,292","405,169",0.32,,,
North Dakota,10/27/2018,217,10/20/2018,"1,236","405,169",0.31,,,
North Dakota,11/3/2018,329,10/27/2018,"1,255","405,169",0.31,,,
North Dakota,11/10/2018,561,11/3/2018,"1,359","405,169",0.34,,,
North Dakota,11/17/2018,724,11/10/2018,"1,649","405,169",0.41,,,
North Dakota,11/24/2018,795,11/17/2018,"2,055","405,169",0.51,,,
North Dakota,12/1/2018,"1,063",11/24/2018,"2,744","405,169",0.68,,,
North Dakota,12/8/2018,"1,046",12/1/2018,"3,308","405,169",0.82,,,
North Dakota,12/15/2018,957,12/8/2018,"3,904","405,169",0.96,,,
North Dakota,12/22/2018,992,12/15/2018,"4,348","405,169",1.07,,,
North Dakota,12/29/2018,855,12/22/2018,"4,685","405,169",1.16,,,
North Dakota,1/5/2019,964,12/29/2018,"5,754","405,169",1.42,,,
North Dakota,1/12/2019,"1,230",1/5/2019,"6,102","405,557",1.5,,,
North Dakota,1/19/2019,658,1/12/2019,"6,406","405,557",1.58,,,
North Dakota,1/26/2019,533,1/19/2019,"6,532","405,557",1.61,,,
North Dakota,2/2/2019,553,1/26/2019,"6,742","405,557",1.66,,,
North Dakota,2/9/2019,574,2/2/2019,"6,941","405,557",1.71,,,
North Dakota,2/16/2019,470,2/9/2019,"7,035","405,557",1.73,,,
North Dakota,2/23/2019,340,2/16/2019,"6,853","405,557",1.69,,,
North Dakota,3/2/2019,327,2/23/2019,"6,708","405,557",1.65,,,
North Dakota,3/9/2019,313,3/2/2019,"6,498","405,557",1.6,,,
North Dakota,3/16/2019,288,3/9/2019,"6,161","405,557",1.52,,,
North Dakota,3/23/2019,211,3/16/2019,"5,891","405,557",1.45,,,
North Dakota,3/30/2019,266,3/23/2019,"5,407","405,557",1.33,,,
North Dakota,4/6/2019,272,3/30/2019,"5,013","405,557",1.24,,,
North Dakota,4/13/2019,272,4/6/2019,"4,454","406,719",1.1,,,
North Dakota,4/20/2019,217,4/13/2019,"3,757","406,719",0.92,,,
North Dakota,4/27/2019,313,4/20/2019,"3,270","406,719",0.8,,,
North Dakota,5/4/2019,278,4/27/2019,"2,446","406,719",0.6,,,
North Dakota,5/11/2019,522,5/4/2019,"2,217","406,719",0.55,,,
North Dakota,5/18/2019,300,5/11/2019,"2,139","406,719",0.53,,,
North Dakota,5/25/2019,328,5/18/2019,"1,803","406,719",0.44,,,
North Dakota,6/1/2019,452,5/25/2019,"1,791","406,719",0.44,,,
North Dakota,6/8/2019,327,6/1/2019,"1,989","406,719",0.49,,,
North Dakota,6/15/2019,253,6/8/2019,"1,970","406,719",0.48,,,
North Dakota,6/22/2019,290,6/15/2019,"1,942","406,719",0.48,,,
North Dakota,6/29/2019,376,6/22/2019,"1,940","406,719",0.48,,,
North Dakota,7/6/2019,497,6/29/2019,"2,093","406,719",0.51,,,
North Dakota,7/13/2019,335,7/6/2019,"2,426","408,192",0.59,,,
North Dakota,7/20/2019,273,7/13/2019,"2,157","408,192",0.53,,,
North Dakota,7/27/2019,214,7/20/2019,"2,199","408,192",0.54,,,
North Dakota,8/3/2019,204,7/27/2019,"2,130","408,192",0.52,,,
North Dakota,8/10/2019,229,8/3/2019,"1,975","408,192",0.48,,,
North Dakota,8/17/2019,211,8/10/2019,"1,905","408,192",0.47,,,
North Dakota,8/24/2019,540,8/17/2019,"1,802","408,192",0.44,,,
North Dakota,8/31/2019,239,8/24/2019,"2,014","408,192",0.49,,,
North Dakota,9/7/2019,233,8/31/2019,"1,816","408,192",0.44,,,
North Dakota,9/14/2019,252,9/7/2019,"1,657","408,192",0.41,,,
North Dakota,9/21/2019,205,9/14/2019,"1,528","408,192",0.37,,,
North Dakota,9/28/2019,197,9/21/2019,"1,289","408,192",0.32,,,
North Dakota,10/5/2019,312,9/28/2019,"1,249","408,192",0.31,,,
North Dakota,10/12/2019,268,10/5/2019,"1,317","409,901",0.32,,,
North Dakota,10/19/2019,326,10/12/2019,"1,311","409,901",0.32,,,
North Dakota,10/26/2019,430,10/19/2019,"1,437","409,901",0.35,,,
North Dakota,11/2/2019,631,10/26/2019,"1,623","409,901",0.4,,,
North Dakota,11/9/2019,650,11/2/2019,"2,010","409,901",0.49,,,
North Dakota,11/16/2019,761,11/9/2019,"2,009","409,901",0.49,,,
North Dakota,11/23/2019,739,11/16/2019,"2,503","409,901",0.61,,,
North Dakota,11/30/2019,697,11/23/2019,"2,785","409,901",0.68,,,
North Dakota,12/7/2019,"1,004",11/30/2019,"3,334","409,901",0.81,,,
North Dakota,12/14/2019,"1,128",12/7/2019,"3,803","409,901",0.93,,,
North Dakota,12/21/2019,"1,016",12/14/2019,"4,540","409,901",1.11,,,
North Dakota,12/28/2019,961,12/21/2019,"4,729","409,901",1.15,,,
North Dakota,1/4/2020,836,12/28/2019,"5,785","409,901",1.41,,,
North Dakota,1/11/2020,"1,530",1/4/2020,"6,171","411,624",1.5,,,
North Dakota,1/18/2020,785,1/11/2020,"6,809","411,624",1.65,,,
North Dakota,1/25/2020,543,1/18/2020,"7,179","411,624",1.74,,,
North Dakota,2/1/2020,447,1/25/2020,"6,782","411,624",1.65,,,
North Dakota,2/8/2020,526,2/1/2020,"6,838","411,624",1.66,,,
North Dakota,2/15/2020,457,2/8/2020,"6,924","411,624",1.68,,,
North Dakota,2/22/2020,435,2/15/2020,"6,886","411,624",1.67,,,
North Dakota,2/29/2020,363,2/22/2020,"6,795","411,624",1.65,,,
North Dakota,3/7/2020,423,2/29/2020,"6,543","411,624",1.59,,,
North Dakota,3/14/2020,415,3/7/2020,"6,349","411,624",1.54,,,
North Dakota,3/21/2020,"5,662",3/14/2020,"6,169","411,624",1.5,,,
North Dakota,3/28/2020,"11,818",3/21/2020,"8,534","411,624",2.07,,,
North Dakota,4/4/2020,"15,125",3/28/2020,"16,036","411,624",3.9,,,
North Dakota,4/11/2020,"9,502",4/4/2020,"24,554","412,797",5.95,,,
North Dakota,4/18/2020,"8,065",4/11/2020,"33,563","412,797",8.13,,,
North Dakota,4/25/2020,"6,274",4/18/2020,"35,513","412,797",8.6,,,
North Dakota,5/2/2020,"4,044",4/25/2020,"35,827","412,797",8.68,,,
North Dakota,5/9/2020,"2,753",5/2/2020,"35,921","412,797",8.7,,,
North Dakota,5/16/2020,"2,619",5/9/2020,"32,399","412,797",7.85,,,
North Dakota,5/23/2020,"2,978",5/16/2020,"31,100","412,797",7.53,,,
North Dakota,5/30/2020,"2,315",5/23/2020,"30,806","412,797",7.46,,,
North Dakota,6/6/2020,"2,252",5/30/2020,"29,855","412,797",7.23,,,
North Dakota,6/13/2020,"2,073",6/6/2020,"29,103","412,797",7.05,,,
North Dakota,6/20/2020,"1,821",6/13/2020,"28,736","412,797",6.96,,,
North Dakota,6/27/2020,"1,511",6/20/2020,"28,446","412,797",6.89,,,
North Dakota,7/4/2020,"1,720",6/27/2020,"27,021","412,797",6.55,,,
,,,,,,,,,
Run Date: 7/18/2020,,,,,,,,,
